{
    "SceneName": "Maze_Easy_6-8",
    "AtmID": "ATM_001",
    "PlayerPosition": {
        "x": 11.575667381286621,
        "y": 0.49998679757118227,
        "z": 40.99082565307617
    },
    "PlayerRotation": {
        "x": 0.0,
        "y": 0.9910436272621155,
        "z": 0.0,
        "w": -0.13353872299194337
    },
    "KeyLists": [
        "Key_004"
    ],
    "CoinLists": [
        "Coin_002",
        "Coin_003",
        "Coin_004",
        "Coin_001"
    ]
}