{
    "PlayerPosition": {
        "x": -8.414251327514649,
        "y": 0.4998832941055298,
        "z": 24.338279724121095
    },
    "PlayerRotation": {
        "x": 0.0,
        "y": -0.8955847024917603,
        "z": 0.0,
        "w": -0.444891095161438
    },
    "KeyValet": 0,
    "KeyLists": "Key_04,Key_01,Key_04",
    "CoinValet": 0,
    "CoinLists": "Coin002,Coin003,Coin004,Coin001"
}