{
    "Position": {
        "x": 10.902070999145508,
        "y": 0.49998149275779726,
        "z": 30.175315856933595
    },
    "Angle": {
        "x": 0.0,
        "y": -0.9995819926261902,
        "z": 0.0,
        "w": 0.02891363389790058
    },
    "KeyLists": ",Key_04",
    "CoinLists": ",Coin002,Coin003,Coin001"
}