{
    "PlayerPosition": {
        "x": -25.913372039794923,
        "y": 0.4999909996986389,
        "z": 53.62873077392578
    },
    "PlayerRotation": {
        "x": 0.0,
        "y": -0.6746426224708557,
        "z": 0.0,
        "w": 0.73814457654953
    },
    "keyLists": "Key_04,Key_01",
    "CoinValet": 0
}